t,xPos,yPos,zPos,pitch,yaw,vel,gamma,acc
0.0,8947.57,-9185.69,23505.15,-29.78,69.72,0.0,-5.301068876530255e-13,0.0
0.033366700033365504,8947.57,-9185.69,23505.15,-29.78,69.72,0.0,-5.301068876530255e-13,0.0
0.06673340006673101,8947.57,-9185.69,23505.15,-29.78,69.72,0.0,-5.301068876530255e-13,0.0
0.10010010010009651,9000.71,-9172.15,23505.15,-29.78,69.72,0.0,-5.301068876530255e-13,0.0
0.13346680013346202,9029.56,-9164.8,23505.15,-29.78,69.72,0.0,-5.301068876530255e-13,0.0
0.16683350016682752,9128.43,-9139.64,23505.15,-29.78,69.72,0.0,-5.301068876530255e-13,0.0
0.20020020020019302,9178.78,-9126.82,23505.15,-29.78,69.72,0.0,-5.301068876530255e-13,0.0
0.23356690023355853,9203.64,-9120.49,23505.15,-29.78,69.72,0.0,-5.301068876530255e-13,0.0
0.26693360026692403,9333.27,-9087.49,23505.15,-29.78,69.72,0.0,-5.301068876530255e-13,0.0
0.30030030030028954,9358.17,-9081.15,23505.15,-29.78,69.72,0.0,-5.301068876530255e-13,0.0
0.33366700033365504,9413.39,-9067.08,23505.15,-29.78,69.72,0.0,-5.301068876530255e-13,0.0
0.36703370036702054,9496.42,-9045.95,23505.15,-29.78,69.72,0.0,-5.301068876530255e-13,0.0
0.40040040040038605,9522.9,-9039.21,23505.15,-29.78,69.72,0.0,-5.301068876530255e-13,0.0
0.43376710043375155,9631.25,-9011.61,23505.15,-29.78,69.72,0.0,-5.301068876530255e-13,0.0
0.46713380046711706,9679.07,-8999.44,23505.15,-29.78,69.72,0.0,-5.301068876530255e-13,0.0
0.5005005005004826,9726.5,-8987.38,23505.15,-29.78,69.72,0.0,6.785609750117653e-12,0.0
0.5338672005338481,9777.07,-8974.5,23505.15,-29.78,69.72,0.0,6.664093870862874e-12,0.0
0.5672339005672136,9865.31,-8952.03,23505.15,-29.78,69.72,0.0,6.594360418599951e-12,0.0
0.6006006006005791,9957.66,-8928.52,23505.15,-29.78,69.72,0.0,6.560127863557048e-12,0.0
0.6339673006339446,10032.6,-8909.44,23505.15,-29.78,69.72,0.0,6.5275441391158895e-12,0.0
0.6673340006673101,10061.84,-8902.0,23505.15,-29.78,69.72,0.0,6.527315352622567e-12,0.0
0.7007007007006756,10111.64,-8889.33,23505.15,-29.78,69.72,0.0,6.500039453126791e-12,0.0
0.7340674007340411,10184.52,-8870.77,23505.15,-29.78,69.72,0.0,6.49153554817452e-12,0.0
0.7674341007674066,10233.01,-8858.42,23505.15,-29.78,69.72,0.0,6.502698715444247e-12,0.0
0.8008008008007721,10333.02,-8832.97,23505.15,-29.78,69.72,0.0,6.48350083266614e-12,0.0
0.8341675008341376,10410.52,-8813.22,23505.15,-29.78,69.72,0.0,-0.0015351967396913392,0.0
0.8675342008675031,10464.06,-8799.6,23505.15,-29.78,69.72,0.0,-0.01133546769156581,0.0
0.9009009009008686,10543.32,-8779.42,23505.15,-29.78,69.72,0.0,-0.02827960665447153,0.0
0.9342676009342341,10593.28,-8766.7,23505.15,-29.78,69.72,0.0,-0.05775303095470471,0.0
0.9676343009675996,10643.36,-8753.95,23505.15,-29.78,69.72,0.0,-0.11703685252738787,0.0
1.0010010010009651,10740.25,-8729.28,23505.15,-29.78,69.72,0.0,-0.18946718689287229,0.0
1.0343677010343306,10811.37,-8711.17,23505.15,-29.78,69.72,0.0,-0.28292682770622474,0.0
1.0677344010676961,10858.22,-8699.25,23505.15,-29.78,69.72,0.0,-0.387188957282217,0.0
1.1011011011010616,10929.64,-8681.07,23505.15,-29.78,69.72,0.0,-0.48829001314248405,0.0
1.1344678011344271,11002.95,-8662.39,23505.15,-29.78,69.72,0.0,-0.5808062376337951,0.0
1.1678345011677926,11052.51,-8649.77,23505.15,-29.78,69.72,0.0,-0.6648092107186402,0.0
1.2012012012011581,11126.76,-8630.87,23505.15,-29.78,69.72,0.0,-0.7433695392323254,0.0
1.2345679012345236,11175.23,-8618.53,23505.15,-29.78,69.72,0.0,-0.81536638153553,0.0
1.2679346012678891,11249.03,-8599.74,23505.15,-29.78,69.72,0.0,-0.8792350648564463,0.0
1.3013013013012547,11297.75,-8587.33,23505.15,-29.78,69.72,0.0,-0.9318381105191922,0.0
1.3346680013346202,11370.95,-8568.85,23504.85,-30.17,69.72,0.0,-0.9730642160566859,0.0
1.3680347013679857,11469.48,-8544.27,23503.21,-32.37,70.51,0.0,-1.0045680178932181,0.0
1.4014014014013512,11518.19,-8532.33,23501.67,-34.49,71.53,0.0,-1.029165888892355,0.0
1.4347681014347167,11566.09,-8521.47,23499.02,-38.27,72.49,0.0,-1.044924297465535,0.0
1.4681348014680822,11637.38,-8507.5,23492.73,-48.17,75.79,0.0,-1.0555985488856439,0.0
1.5015015015014477,11659.6,-8505.05,23489.5,-54.07,77.51,0.0,-1.0534628843240004,0.0
1.5348682015348132,11709.75,-8499.48,23484.66,-65.02,79.89,0.0,-1.0397492999608398,0.0
1.5682349015681787,11759.94,-8494.24,23481.69,-75.01,81.65,0.0,-1.017155968822387,0.0
1.6016016016015442,11862.86,-8472.99,23480.57,-81.21,83.01,0.0,-0.9880132534783799,0.0
1.6349683016349097,11911.88,-8460.52,23480.57,-81.21,83.05,0.0,-0.9471673128902947,0.0
1.6683350016682752,11968.1,-8446.21,23480.57,-81.21,83.05,0.0,-0.8975005881831,0.0
1.7017017017016407,12025.37,-8431.62,23480.57,-81.21,83.05,0.0,-0.843411194461179,0.0
1.7350684017350062,12087.18,-8415.89,23480.57,-81.21,83.05,0.0,-0.7757957035290263,0.0
1.7684351017683717,12145.57,-8401.03,23480.57,-81.21,83.05,0.0,-0.7016282052232276,0.0
1.8018018018017372,12260.63,-8371.72,23480.57,-81.21,83.05,0.0,-0.6189552444456035,0.0
1.8351685018351027,12319.15,-8356.83,23480.57,-81.21,83.05,0.0,-0.5292092332446318,0.0
1.8685352018684682,12378.51,-8341.79,23480.56,-81.3,83.14,0.0,-0.43255432194600396,0.0
1.9019019019018337,12435.93,-8327.58,23480.5,-81.79,82.75,0.0,-0.3356497563312617,0.0
1.9352686019351992,12492.38,-8314.5,23480.32,-83.33,82.88,0.0,-0.2405428379461934,0.0
1.9686353019685647,12549.46,-8304.71,23479.99,-89.0,83.8,0.0,-0.15276341445436034,0.0
2.0020020020019302,12662.34,-8275.94,23479.99,-89.0,86.75,0.0,-0.0939278698880939,0.0
2.0353687020352957,12717.96,-8261.79,23479.99,-89.0,87.01,0.0,-0.0492313892248377,0.0
2.0687354020686612,12773.11,-8247.75,23479.99,-89.0,86.4,0.0,-0.027925305810443266,0.0
2.1021021021020267,12829.59,-8233.36,23479.99,-89.0,85.83,0.0,-0.021338316601171924,0.0
2.1354688021353923,12914.82,-8211.53,23479.99,-88.82,85.3,0.0,-0.020256994901625223,0.0
2.1688355021687578,12971.23,-8197.16,23479.99,-88.82,85.3,0.0,-0.019012723336905533,0.0
2.2022022022021233,12999.09,-8190.06,23479.99,-88.82,85.3,0.0,-0.017492703237381845,0.0
2.2355689022354888,13110.51,-8161.71,23479.99,-88.82,85.3,0.0,-0.01580242996530244,0.0
2.2689356022688543,13167.47,-8147.2,23479.99,-88.82,85.3,0.0,-0.013925109374948567,0.0
2.3023023023022198,13224.06,-8132.79,23479.99,-88.82,85.3,0.0,-0.011854762451104162,0.0
2.3356690023355853,13280.78,-8118.35,23479.99,-88.82,85.3,0.0,-0.009522281577924605,0.0
2.369035702368951,13335.82,-8104.34,23479.99,-88.82,85.25,0.0,-0.006992540179066612,0.0
2.4024024024023163,13392.45,-8089.81,23480.0,-88.69,84.86,0.0,-0.004310348215384228,0.0
2.435769102435682,13449.12,-8075.39,23480.0,-88.69,84.46,0.0,-0.0017416975671769247,0.0
2.4691358024690473,13555.28,-8048.62,23479.99,-89.0,84.33,0.0,-1.0509979149376088e-05,0.0
2.502502502502413,13611.4,-8034.33,23479.99,-89.0,84.73,0.0,-1.7512973610990448e-05,0.0
2.5358692025357783,13668.35,-8019.84,23479.99,-89.0,84.86,0.0,-2.4486814020477237e-05,0.0
2.569235902569144,13725.59,-8005.27,23479.99,-89.0,84.86,0.0,-3.149040254987269e-05,0.0
2.6026026026025093,13782.98,-7990.65,23479.99,-89.0,84.99,0.0,-3.83568192694274e-05,0.0
2.635969302635875,13839.37,-7976.29,23479.99,-89.0,85.17,0.0,-4.5258525055222464e-05,0.0
2.6693360026692403,13896.03,-7961.88,23479.99,-89.0,85.21,0.0,-5.20861945566742e-05,0.0
2.702702702702606,14008.15,-7933.32,23479.99,-89.0,85.34,0.0,-5.897609039450096e-05,0.0
2.7360694027359713,14062.95,-7919.37,23479.99,-89.0,85.52,0.0,-6.614628009747066e-05,0.0
2.769436102769337,14117.68,-7905.44,23479.99,-89.0,85.3,0.0,-7.308931819691552e-05,0.0
2.8028028028027023,14172.27,-7891.54,23479.99,-89.0,84.73,0.0,-8.013088879831094e-05,0.0
2.836169502836068,14227.47,-7877.49,23479.99,-89.0,84.81,0.0,-8.662979661972116e-05,0.0
2.8695362028694333,14282.66,-7863.45,23479.99,-89.0,84.81,0.0,-9.347778084037398e-05,0.0
2.902902902902799,14338.29,-7849.27,23479.99,-89.0,84.81,0.0,-0.00010023562085895888,0.0
2.9362696029361643,14452.86,-7820.11,23479.99,-89.0,84.81,0.0,-5.18485187764624e-05,0.0
2.96963630296953,14539.01,-7798.17,23479.99,-89.0,84.81,0.0,6.710355738068603e-12,0.0
3.0030030030028954,14593.36,-7784.33,23479.99,-89.0,84.81,0.0,6.699978796299398e-12,0.0
3.036369703036261,14620.53,-7777.42,23479.99,-89.0,84.81,0.0,6.699468237531069e-12,0.0
3.0697364030696264,14675.75,-7763.37,23479.99,-89.0,84.81,0.0,6.67451200387237e-12,0.0
3.103103103102992,14786.14,-7735.14,23479.99,-88.87,85.08,0.0,6.664573586735109e-12,0.0
3.1364698031363574,14840.8,-7721.27,23479.99,-88.91,85.3,0.0,6.6680833576071575e-12,0.0
3.169836503169723,14894.6,-7707.65,23479.99,-89.0,85.65,0.0,5.175119609806882e-05,0.0
3.2032032032030884,14948.74,-7693.85,23479.99,-89.0,86.27,0.0,4.8524785219537976e-05,0.0
3.236569903236454,15003.53,-7679.91,23479.99,-89.0,86.27,0.0,4.5094275993855705e-05,0.0
3.2699366032698194,15058.58,-7665.9,23479.99,-89.0,86.0,0.0,4.171805425845211e-05,0.0
3.303303303303185,15114.11,-7651.76,23479.99,-89.0,85.78,0.0,3.8176523206951676e-05,0.0
3.3366700033365504,15251.75,-7616.72,23479.99,-89.0,86.4,0.0,3.471029792442868e-05,0.0
3.370036703369916,15278.32,-7609.95,23479.99,-89.0,86.62,0.0,3.121784728594689e-05,0.0
3.4034034034032814,15361.11,-7588.85,23479.99,-89.0,87.32,0.0,2.7785824779481253e-05,0.0
3.436770103436647,15417.42,-7574.51,23479.99,-89.0,87.32,0.0,2.4396686792477213e-05,0.0
3.4701368034700124,15473.81,-7560.15,23479.99,-89.0,87.32,0.0,2.090572511790488e-05,0.0
3.503503503503378,15530.85,-7545.64,23479.99,-89.0,87.32,0.0,1.7300923273995008e-05,0.0
3.5368702035367434,15586.95,-7531.35,23479.99,-89.0,87.37,0.0,1.3770417757670877e-05,0.0
3.570236903570109,15697.13,-7503.3,23479.99,-89.0,87.37,0.0,1.0320066778835558e-05,0.0
3.6036036036034744,15747.32,-7490.53,23479.99,-89.0,87.45,0.0,6.8896599186537e-06,0.0
3.63697030363684,15799.18,-7477.28,23479.99,-88.96,87.59,0.0,3.4388639284373886e-06,0.0
3.6703370036702054,15850.12,-7464.16,23480.0,-88.78,87.5,0.0,0.00020532433576529944,0.0
3.703703703703571,15903.25,-7450.68,23479.99,-88.82,87.5,0.0,0.0003926768517470671,0.0
3.7370704037369364,15958.54,-7436.75,23479.99,-89.0,87.67,0.0,0.0005669100966957592,0.0
3.770437103770302,16014.85,-7422.4,23479.99,-89.0,87.81,0.0,0.0007290286666981566,0.0
3.8038038038036674,16128.42,-7393.51,23479.99,-89.0,86.66,0.0,0.0008799302399296974,0.0
3.837170503837033,16184.76,-7379.16,23479.99,-89.0,85.78,0.0,0.0010153981501575017,0.0
3.8705372038703985,16268.71,-7357.8,23479.99,-89.0,83.54,0.0,0.0012850716689723621,0.0
3.903903903903764,16324.55,-7343.62,23479.99,-89.0,79.93,0.0,0.0016895434645254372,0.0
3.9372706039371295,16378.67,-7329.86,23479.99,-89.0,75.84,0.0,0.0018014131765203495,0.0
3.970637303970495,16432.14,-7316.29,23479.99,-89.0,70.69,0.0,0.0016423426506202944,0.0
4.0040040040038605,16543.32,-7288.1,23479.99,-89.0,59.43,0.0,0.0014778446810643335,0.0
4.037370704037226,16599.61,-7273.85,23479.99,-89.0,51.81,0.0,0.0013165897901076943,0.0
4.0707374040705915,16657.84,-7259.12,23479.99,-89.0,45.21,0.0,0.0011578026295996306,0.0
4.104104104103957,16711.69,-7245.5,23479.99,-89.0,38.66,0.0,0.000995108693112521,0.0
4.1374708041373225,16763.32,-7232.45,23479.99,-89.0,31.88,0.0,0.000830686552306763,0.0
4.170837504170688,16870.92,-7204.83,23480.03,-87.55,27.53,0.0,0.0006710120496405058,0.0
4.2042042042040535,16919.82,-7192.38,23480.03,-87.55,27.53,0.0,0.0005671569457672607,0.0
4.237570904237419,16971.63,-7179.18,23480.03,-87.55,27.53,0.0,0.0004113552645542765,0.0
4.2709376042707845,17025.85,-7165.37,23480.03,-87.5,27.53,0.0,0.00025510484586187623,0.0
4.30430430430415,17080.05,-7151.58,23480.03,-87.5,27.53,0.0,9.702856784848183e-05,0.0
4.3376710043375155,17186.36,-7124.5,23480.03,-87.5,27.48,0.0,-6.246957374440758e-05,0.0
4.371037704370881,17240.27,-7110.59,23480.06,-86.84,28.71,0.0,-0.00022283619006692858,0.0
4.4044044044042465,17296.21,-7096.26,23480.09,-86.36,28.36,0.0,-0.00038385051895486284,0.0
4.437771104437612,17350.46,-7082.65,23480.04,-87.24,27.97,0.0,-0.0005451710825042996,0.0
4.4711378044709775,17403.32,-7069.59,23479.99,-89.0,26.65,0.0,-0.0007065356606876915,0.0
4.504504504504343,17512.49,-7041.86,23479.99,-89.0,23.43,0.0,-0.0008174067826319659,0.0
4.5378712045377085,17566.95,-7027.99,23479.99,-89.0,22.64,0.0,-0.0009785865060634171,0.0
4.571237904571074,17620.84,-7014.29,23479.99,-89.0,22.03,0.0,-0.0011435302364507524,0.0
4.6046046046044395,17675.47,-7000.41,23479.99,-89.0,20.88,0.0,-0.0013107321177810098,0.0
4.637971304637805,17783.59,-6972.87,23479.99,-89.0,20.53,0.0,-0.001481805875898738,0.0
4.6713380046711706,17810.36,-6966.06,23479.99,-89.0,20.71,0.0,-0.0016488082032542401,0.0
4.704704704704536,17862.22,-6952.86,23479.99,-89.0,20.71,0.0,-0.0015851479320386354,0.0
4.738071404737902,17937.06,-6933.8,23479.99,-89.0,20.49,0.0,-0.0015111824313140275,0.0
4.771438104771267,17988.8,-6920.63,23479.99,-89.0,20.49,0.0,-0.0014258790620046557,0.0
4.804804804804633,18069.25,-6900.16,23479.99,-89.0,20.49,0.0,-0.001328276988442757,0.0
4.838171504837998,18124.57,-6886.06,23479.99,-89.0,20.49,0.0,-0.0012117032855958356,0.0
4.871538204871364,18179.06,-6872.19,23479.99,-89.0,20.49,0.0,-0.0010775125665065507,0.0
4.904904904904729,18233.46,-6858.35,23479.99,-89.0,20.49,0.0,-0.0007631179461397479,0.0
4.938271604938095,18312.85,-6838.13,23479.99,-89.0,20.49,0.0,-0.0002568381156175051,0.0
4.97163830497146,18394.13,-6817.44,23479.99,-89.0,20.44,0.0,3.5097512098464237e-06,0.0
5.005005005004826,18448.96,-6803.45,23480.0,-88.65,20.53,0.0,6.802889621929291e-12,0.0
5.038371705038191,18536.41,-6781.18,23479.99,-88.87,21.28,0.0,4.894538983702426e-05,0.0
5.071738405071557,18563.0,-6774.42,23479.99,-89.0,21.67,0.0,9.422713134272148e-05,0.0
5.105105105104922,18615.16,-6761.14,23479.99,-89.0,22.55,0.0,0.0001361854337398612,0.0
5.138471805138288,18665.86,-6748.21,23479.99,-89.0,23.52,0.0,0.00017503834440354892,0.0
5.171838505171653,18776.34,-6720.06,23479.99,-89.0,25.15,0.0,0.00020877564062666732,0.0
5.205205205205019,18830.73,-6706.22,23479.99,-89.0,25.59,0.0,0.00023913397736507168,0.0
5.238571905238384,18885.33,-6692.31,23479.99,-89.0,25.77,0.0,0.00026709288271461535,0.0
5.27193860527175,18941.12,-6678.09,23479.99,-89.0,25.81,0.0,0.0002908623452686505,0.0
5.305305305305115,18997.86,-6663.66,23479.99,-89.0,26.03,0.0,0.00036198642163570407,0.0
5.338672005338481,19107.07,-6635.81,23479.99,-89.0,28.36,0.0,0.0004266032520652312,0.0
5.372038705371846,19162.69,-6621.63,23479.99,-89.0,29.68,0.0,0.00038100380447917944,0.0
5.405405405405212,19216.8,-6607.82,23479.99,-89.0,32.85,0.0,0.0003347692993532232,0.0
5.438772105438577,19270.11,-6594.17,23479.99,-89.0,37.29,0.0,0.00029042086557795865,0.0
5.472138805471943,19374.56,-6567.5,23479.99,-89.0,42.88,0.0,0.00024606059567967387,0.0
5.505505505505308,19425.63,-6554.45,23479.99,-89.0,46.58,0.0,0.0002016244840647136,0.0
5.538872205538674,19488.8,-6538.12,23480.0,-88.6,49.26,0.0,0.00021183346410735991,0.0
5.572238905572039,19538.3,-6525.53,23480.0,-88.65,50.14,0.0,0.00016982307662137346,0.0
5.605605605605405,19587.23,-6513.07,23480.0,-88.65,50.23,0.0,0.00012925246979802747,0.0
5.63897230563877,19639.52,-6499.76,23480.0,-88.65,50.23,0.0,8.855877436344868e-05,0.0
5.672339005672136,19746.22,-6472.59,23480.0,-88.65,50.23,0.0,4.7997037579084594e-05,0.0
5.705705705705501,19826.8,-6452.09,23480.0,-88.65,50.23,0.0,6.8439423248197725e-06,0.0
5.739072405738867,19853.97,-6445.14,23480.0,-88.6,50.27,0.0,-3.422497203850929e-05,0.0
5.772439105772232,19935.03,-6424.49,23480.0,-88.6,50.27,0.0,-7.526738841136359e-05,0.0
5.805805805805598,20041.23,-6397.26,23480.01,-88.25,50.63,0.0,-0.0001168125653728248,0.0
5.839172505838963,20067.53,-6390.49,23480.01,-88.12,50.98,0.0,-0.0001590467755076838,0.0
5.872539205872329,20144.28,-6371.4,23479.99,-89.0,53.18,0.0,-0.00014847060452901899,0.0
5.905905905905694,20248.04,-6344.95,23479.99,-89.0,56.26,0.0,-0.0001416777305369852,0.0
5.93927260593906,20273.78,-6338.38,23479.99,-89.0,57.18,0.0,-0.0001383174417876143,0.0
5.972639305972425,20324.84,-6325.37,23479.99,-89.0,58.77,0.0,-0.00019121582744374338,0.0
6.006006006005791,20375.25,-6312.53,23479.99,-89.0,60.17,0.0,-0.00024388112585042697,0.0
6.039372706039156,20450.58,-6293.32,23479.99,-89.0,61.54,0.0,-0.00029727703307291423,0.0
6.072739406072522,20553.0,-6267.24,23479.99,-89.0,62.68,0.0,-0.0002935220779316797,0.0
6.106106106105887,20578.87,-6260.66,23479.99,-89.0,62.99,0.0,-0.0002869511803220468,0.0
6.139472806139253,20658.29,-6240.42,23479.99,-89.0,63.56,0.0,-0.00027752863903169884,0.0
6.172839506172618,20684.98,-6233.62,23479.99,-89.0,63.65,0.0,-0.00026507506859667704,0.0
6.206206206205984,20792.45,-6206.25,23479.99,-89.0,63.74,0.0,-0.0002467912250240384,0.0
6.239572906239349,20847.01,-6192.36,23479.99,-89.0,63.74,0.0,-0.00022494717053445285,0.0
6.272939606272715,20928.83,-6171.53,23479.99,-89.0,63.78,0.0,-0.00020067732413904638,0.0
6.30630630630608,20956.19,-6164.56,23479.99,-89.0,63.83,0.0,-0.0001727138992793031,0.0
6.339673006339446,21007.26,-6151.56,23479.99,-89.0,63.83,0.0,-8.442276773692797e-05,0.0
6.373039706372811,21107.52,-6125.83,23480.0,-88.69,63.61,0.0,1.0526862161728151e-05,0.0
6.406406406406177,21158.33,-6112.8,23480.0,-88.56,63.56,0.0,6.783925098195606e-12,0.0
6.439773106439542,21234.85,-6093.48,23480.0,-88.78,63.74,0.0,-1.0446451635881606e-05,0.0
6.473139806472908,21262.3,-6086.64,23479.99,-89.0,63.96,0.0,-2.0882200195644592e-05,0.0
6.506506506506273,21318.8,-6072.24,23479.99,-89.0,64.35,0.0,-3.124010390553502e-05,0.0
6.539873206539639,21375.85,-6057.71,23479.99,-89.0,64.93,0.0,-4.1665009133907086e-05,0.0
6.573239906573004,21488.3,-6029.08,23479.99,-89.0,66.03,0.0,-5.2106521197740666e-05,0.0
6.60660660660637,21544.09,-6014.86,23479.99,-89.0,66.47,0.0,-6.239493629693335e-05,0.0
6.639973306639735,21600.04,-6000.62,23479.99,-89.0,66.64,0.0,-7.280909426926381e-05,0.0
6.673340006673101,21655.91,-5986.4,23479.99,-89.0,66.77,0.0,-8.28094605457359e-05,0.0
6.706706706706466,21766.04,-5958.35,23479.99,-89.0,66.95,0.0,-9.318587697339826e-05,0.0
6.740073406739832,21821.0,-5944.37,23479.99,-89.0,66.95,0.0,-0.00010327886296766933,0.0
6.773440106773197,21875.21,-5930.56,23479.99,-89.0,66.99,0.0,-0.00011355334876211348,0.0
6.806806806806563,21928.72,-5916.93,23479.99,-89.0,66.99,0.0,-0.0001234434018878117,0.0
6.840173506839928,21981.96,-5903.38,23479.99,-89.0,66.99,0.0,-0.00013355951710156724,0.0
6.873540206873294,22087.88,-5876.42,23479.99,-89.0,66.99,0.0,-0.00014438387307533562,0.0
6.906906906906659,22140.09,-5863.12,23479.99,-89.0,66.99,0.0,-9.983129338466579e-05,0.0
6.940273606940025,22193.13,-5849.63,23479.99,-89.0,66.99,0.0,-5.146530884854867e-05,0.0
6.97364030697339,22244.87,-5836.46,23479.99,-89.0,66.99,0.0,6.646725283254226e-12,0.0
7.007007007006756,22344.68,-5811.03,23479.99,-89.0,66.99,0.0,6.689730844763833e-12,0.0
7.040373707040121,22394.29,-5798.41,23479.99,-89.0,66.99,0.0,6.7459105423249164e-12,0.0
7.073740407073487,22446.32,-5785.17,23479.99,-89.0,66.99,0.0,6.781815879892524e-12,0.0
7.107107107106852,22497.98,-5772.0,23479.99,-89.0,66.99,0.0,6.778974595473757e-12,0.0
7.140473807140218,22575.16,-5752.36,23479.99,-89.0,66.99,0.0,6.807053559920138e-12,0.0
7.173840507173583,22677.42,-5726.33,23479.99,-89.0,66.99,0.0,6.831100843723431e-12,0.0
7.207207207206949,22728.96,-5713.2,23479.99,-89.0,66.99,0.0,6.8688592479804485e-12,0.0
7.240573907240314,22780.6,-5700.06,23479.99,-89.0,66.99,0.0,6.8648261408152306e-12,0.0
7.27394060727368,22832.9,-5686.75,23479.99,-89.0,66.99,0.0,6.8337380167201806e-12,0.0
7.307307307307045,22910.69,-5666.93,23479.99,-89.0,66.99,0.0,6.817182768839175e-12,0.0
7.340674007340411,22989.71,-5646.83,23479.99,-89.0,66.99,0.0,5.2755260819764426e-05,0.0
7.374040707373776,23015.78,-5640.19,23479.99,-89.0,66.99,0.0,0.00010221268257218401,0.0
7.407407407407142,23069.05,-5626.62,23479.99,-89.0,66.99,0.0,0.0001471811065587243,0.0
7.440774107440507,23196.29,-5594.23,23479.99,-89.0,66.99,0.0,0.00018860326009219143,0.0
7.474140807473873,23218.65,-5588.54,23479.99,-89.0,66.99,0.0,0.00022679463031748757,0.0
7.507507507507238,23248.35,-5580.97,23479.99,-89.0,67.04,0.0,0.0002620583516315885,0.0
7.540874207540604,23300.56,-5567.67,23479.99,-89.0,67.04,0.0,0.00029321874077729393,0.0
7.574240907573969,23404.83,-5541.14,23479.99,-89.0,67.04,0.0,0.0003207108413206766,0.0
7.607607607607335,23480.88,-5521.77,23479.99,-89.0,67.04,0.0,0.00029166986162944443,0.0
7.6409743076407,23506.12,-5515.34,23479.99,-89.0,67.04,0.0,0.0002642157551035669,0.0
7.674341007674066,23583.8,-5495.58,23479.99,-89.0,66.91,0.0,0.0002361071823254838,0.0
7.707707707707431,23635.82,-5482.3,23479.99,-88.96,66.82,0.0,0.00020650992938288186,0.0
7.741074407740797,23714.18,-5462.26,23479.99,-88.82,66.77,0.0,0.00017829029333043755,0.0
7.774441107774162,23826.84,-5433.58,23479.99,-88.82,66.73,0.0,0.000150609498517376,0.0
7.807807807807528,23880.69,-5419.86,23479.99,-88.82,66.73,0.0,0.00012299097214853565,0.0
7.841174507840893,23933.95,-5406.28,23480.0,-88.78,66.73,0.0,9.547616362359157e-05,0.0
7.874541207874259,23986.14,-5392.99,23480.0,-88.78,66.73,0.0,6.806485131274357e-05,0.0
7.907907907907624,24090.07,-5366.52,23480.0,-88.78,66.73,0.0,4.077029575148022e-05,0.0
7.94127460794099,24142.39,-5353.19,23480.0,-88.78,66.73,0.0,1.3572144133916e-05,0.0
7.974641307974355,24194.69,-5339.87,23480.0,-88.78,66.73,0.0,-1.3494068786625748e-05,0.0
8.008008008007721,24247.23,-5326.51,23480.0,-88.78,66.73,0.0,-4.046432688747943e-05,0.0
8.041374708041086,24299.68,-5313.16,23480.0,-88.78,66.73,0.0,-1.6933096077026e-05,0.0
8.074741408074452,24381.08,-5292.44,23480.0,-88.78,66.73,0.0,0.00010499985595366931,0.0
8.108108108107817,24485.72,-5265.95,23479.99,-89.0,67.35,0.0,0.00021642389577198633,0.0
8.141474808141183,24511.52,-5259.38,23479.99,-89.0,67.7,0.0,0.00031757182811604926,0.0
8.174841508174548,24589.87,-5239.43,23479.99,-89.0,68.49,0.0,0.0004106424311237046,0.0
8.208208208207914,24695.69,-5212.47,23479.99,-89.0,69.81,0.0,0.0004945232789142221,0.0
8.24157490824128,24722.63,-5205.61,23479.99,-89.0,70.16,0.0,0.0005678132377033912,0.0
8.274941608274645,24777.17,-5191.72,23479.99,-89.0,70.73,0.0,0.0006344568575187513,0.0
8.30830830830801,24857.12,-5171.36,23479.99,-89.0,70.91,0.0,0.0006828483177307927,0.0
8.341675008341376,24909.25,-5158.09,23479.99,-89.0,71.04,0.0,0.0007223597439461178,0.0
8.375041708374741,24958.5,-5145.55,23479.99,-89.0,71.26,0.0,0.0008082417856845434,0.0
8.408408408408107,25059.13,-5119.92,23479.99,-89.0,71.31,0.0,0.0008896780789586132,0.0
8.441775108441472,25134.64,-5100.69,23479.99,-89.0,71.31,0.0,0.0009600689999380462,0.0
8.475141808474838,25185.32,-5087.79,23479.99,-89.0,71.31,0.0,0.0010259188161228828,0.0
8.508508508508204,25235.8,-5074.88,23479.99,-88.91,71.26,0.0,0.001085278344606498,0.0
8.541875208541569,25286.37,-5061.7,23480.0,-88.52,71.0,0.0,0.001037595020517449,0.0
8.575241908574935,25412.24,-5029.27,23480.02,-87.99,70.65,0.0,0.0009361206328934393,0.0
8.6086086086083,25461.0,-5016.82,23480.02,-87.94,70.65,0.0,0.0008379366422166539,0.0
8.641975308641666,25509.66,-5004.42,23480.02,-87.94,70.65,0.0,0.0008414918009579297,0.0
8.675342008675031,25558.19,-4992.07,23480.02,-87.94,70.65,0.0,0.000839072093105264,0.0
8.708708708708397,25607.98,-4979.4,23480.02,-87.94,70.65,0.0,0.0008242358807164781,0.0
8.742075408741762,25709.15,-4953.63,23480.02,-87.94,70.65,0.0,0.0007946921444225748,0.0
8.775442108775128,25709.15,-4953.63,23480.02,-87.94,70.65,0.0,0.0007585714282055393,0.0
8.808808808808493,25860.89,-4915.01,23480.02,-87.94,70.65,0.0,0.0007116454071732007,0.0
8.842175508841859,25911.57,-4902.1,23480.02,-87.94,70.65,0.0,0.0007015602903548167,0.0
8.875542208875224,25961.35,-4889.43,23480.02,-87.94,70.65,0.0,0.000679722891290409,0.0
8.90890890890859,26012.39,-4876.44,23480.02,-87.94,70.65,0.0,0.0005938000330643995,0.0
8.942275608941955,26088.61,-4857.03,23480.02,-87.94,70.65,0.0,0.0004972353063497433,0.0
8.97564230897532,26139.07,-4844.19,23480.02,-87.94,70.65,0.0,0.00033632770006007955,0.0
9.009009009008686,26213.56,-4825.23,23480.02,-87.94,70.6,0.0,6.312146133539864e-05,0.0
9.042375709042052,26262.63,-4813.1,23480.0,-88.43,69.81,0.0,-0.0002106681705179873,0.0
9.075742409075417,26358.71,-4789.07,23479.99,-89.0,70.82,0.0,-0.0004300310147882551,0.0
9.109109109108783,26405.94,-4777.03,23479.99,-89.0,72.32,0.0,-0.0005304245639720971,0.0
9.142475809142148,26453.44,-4764.1,23480.02,-87.94,73.46,0.0,-0.0006183472321334894,0.0
9.175842509175514,26500.86,-4751.92,23480.02,-87.81,73.51,0.0,-0.0006969218907458329,0.0
9.209209209208879,26574.16,-4733.28,23480.02,-87.81,73.51,0.0,-0.0007668344952305887,0.0
9.242575909242245,26648.14,-4714.43,23480.02,-87.81,73.51,0.0,-0.0008286057362469767,0.0
9.27594260927561,26697.12,-4701.96,23480.02,-87.81,73.51,0.0,-0.0008782410414905902,0.0
9.309309309308976,26771.7,-4682.98,23480.02,-87.81,73.51,0.0,-0.0009223144891755059,0.0
9.342676009342341,26895.6,-4651.29,23480.03,-87.64,73.59,0.0,-0.0009448612661924523,0.0
9.376042709375707,26943.62,-4639.08,23480.03,-87.64,73.29,0.0,-0.0009590719702420853,0.0
9.409409409409072,26990.94,-4627.11,23480.02,-87.72,72.71,0.0,-0.0009652602003639396,0.0
9.442776109442438,27014.57,-4621.09,23480.02,-87.72,72.71,0.0,-0.0009633664230632058,0.0
9.476142809475803,27085.54,-4603.27,23480.01,-88.08,73.42,0.0,-0.0009440473861519363,0.0
9.509509509509169,27156.98,-4585.8,23479.99,-89.0,74.52,0.0,-0.0009172373383985438,0.0
9.542876209542534,27231.41,-4566.83,23479.99,-89.0,77.16,0.0,-0.0008806147541014445,0.0
9.5762429095759,27282.62,-4553.77,23479.99,-89.0,79.71,0.0,-0.0009467932560989206,0.0
9.609609609609265,27358.51,-4534.45,23479.99,-89.0,80.99,0.0,-0.001063130862447158,0.0
9.64297630964263,27458.15,-4509.08,23479.99,-89.0,80.99,0.0,-0.0011826935837282052,0.0
9.676343009675996,27508.28,-4496.32,23479.99,-89.0,80.99,0.0,-0.0011321441742755396,0.0
9.709709709709362,27559.7,-4483.24,23479.99,-89.0,81.03,0.0,-0.0010799749681886922,0.0
9.743076409742727,27610.82,-4470.21,23479.99,-89.0,81.12,0.0,-0.0010102604803811884,0.0
9.776443109776093,27660.36,-4457.59,23479.99,-89.0,81.12,0.0,-0.0009286935424082974,0.0
9.809809809809458,27734.67,-4438.69,23479.99,-89.0,81.21,0.0,-0.0008396897863666594,0.0
9.843176509842824,27834.39,-4413.29,23479.99,-89.0,81.29,0.0,-0.0007387058115611779,0.0
9.87654320987619,27885.64,-4400.24,23479.99,-89.0,81.29,0.0,-0.0005694505668954982,0.0
9.909909909909555,27936.54,-4387.29,23479.99,-89.0,81.29,0.0,-0.0003891761466429389,0.0
9.94327660994292,27987.57,-4374.29,23479.99,-89.0,81.29,0.0,-0.0002510554574692262,0.0
9.976643309976286,28115.66,-4341.69,23479.99,-89.0,81.29,0.0,-0.00010357493943938179,0.0
10.010010010009651,28166.02,-4328.86,23479.99,-89.0,81.29,0.0,6.7066153008908384e-12,0.0
10.043376710043017,28216.85,-4315.91,23479.99,-89.0,81.29,0.0,6.728115236813351e-12,0.0
10.076743410076382,28267.35,-4303.06,23479.99,-89.0,81.29,0.0,6.752796639560394e-12,0.0
10.110110110109748,28316.57,-4290.54,23479.99,-89.0,81.29,0.0,6.747985951558407e-12,0.0
10.143476810143113,28365.16,-4278.16,23479.99,-89.0,81.29,0.0,6.745811278944631e-12,0.0
10.176843510176479,28485.07,-4247.64,23479.99,-89.0,81.29,0.0,6.713002151262545e-12,0.0
10.210210210209844,28485.07,-4247.64,23479.99,-89.0,81.29,0.0,6.69897794878884e-12,0.0
10.24357691024321,28606.56,-4216.7,23479.99,-89.0,81.34,0.0,6.6872633480874456e-12,0.0
10.276943610276575,28680.08,-4197.99,23479.99,-89.0,81.34,0.0,6.69446704277777e-12,0.0
10.31031031030994,28729.65,-4185.38,23479.99,-89.0,81.34,0.0,6.705551480959979e-12,0.0
10.343677010343306,28804.69,-4166.25,23479.99,-89.0,81.38,0.0,6.7209015142103504e-12,0.0
10.377043710376672,28855.04,-4153.44,23479.99,-89.0,81.43,0.0,-0.11682809735614676,220.62572600807286
10.410410410410037,28904.57,-4140.84,23479.99,-89.0,81.43,0.0,-0.4247454566325392,426.37448903227414
10.443777110443403,28977.85,-4122.18,23479.99,-89.0,81.6,0.0,-0.8523685340503323,617.3227850806685
10.477143810476768,29027.99,-4109.41,23479.99,-89.0,81.65,0.0,-1.5280294308891962,793.3850546371268
10.510510510510134,29102.95,-4090.34,23479.99,-89.0,81.69,0.0,-2.3336518413881513,954.6323556048749
10.5438772105435,29152.57,-4077.7,23479.99,-89.0,81.69,0.0,-3.2824227780598023,1101.064808830687
10.577243910576865,29201.42,-4065.25,23479.99,-89.0,81.69,0.0,-4.346605232153239,1232.69039020166
10.61061061061023,29324.67,-4033.88,23479.99,-89.0,81.87,0.0,-5.506664968397852,1349.5135710484385
10.643977310643596,29375.71,-4020.88,23479.99,-89.0,81.87,0.0,-6.775182226895476,1451.539185241991
10.677344010676961,29452.45,-4001.33,23479.99,-89.0,81.91,0.0,-8.254042832511344,1538.6799814113494
10.710710710710327,29502.33,-3988.63,23479.99,-89.0,81.95,0.0,-9.771029509166217,1611.0618818952235
10.744077410743692,29576.81,-3969.67,23479.99,-89.0,81.95,0.0,-11.394208401678569,1668.7419263710324
10.777444110777058,29626.45,-3957.03,23479.99,-89.0,82.0,0.0,-13.100482538810217,1711.6199328629696
10.810810810810423,29701.81,-3937.84,23479.99,-89.0,82.04,0.0,-14.888067021764908,1739.762367096842
10.844177510843789,29751.93,-3925.09,23479.99,-89.0,82.04,0.0,-16.79243635711203,1753.177809193617
10.877544210877154,29781.58,-3917.23,23457.58,-89.08,82.04,1217.11,-18.621654418196123,1752.0344778629722
10.91091091091052,29842.42,-3899.62,23419.71,-89.03,82.04,1216.18,-20.577651568035645,1736.4393225000688
10.944277610943885,29887.18,-3886.28,23393.76,-88.98,82.04,1215.61,-22.67282755729378,1706.8891441936164
10.97764431097725,29977.57,-3858.65,23341.76,-88.84,82.04,1214.53,-24.803465018887643,1663.1238806855504
11.011011011010616,30042.95,-3839.64,23306.31,-89.19,82.04,1213.77,-27.27076652668182,1605.9857131452263
11.044377711043982,30102.11,-3818.84,23267.65,-88.92,82.09,1212.96,-29.727217814915157,1534.4679879436114
11.077744411077347,30151.81,-3800.88,23232.93,-89.02,82.09,1212.14,-32.2145979289514,1448.3796463307053
11.111111111110713,30184.57,-3786.66,23202.53,-89.21,82.09,1211.29,-34.83648464925548,1348.0284850403796
11.144477811144078,30208.23,-3771.09,23171.33,-88.93,82.09,1210.41,-37.25859614726784,1233.362056572634
11.177844511177444,30245.17,-3747.79,23120.33,-88.87,82.09,1208.99,-39.77714806729378,1104.4724461694038
11.21121121121081,30265.23,-3732.65,23090.77,-88.83,82.09,1208.17,-42.19519520727559,961.1589273387541
11.244577911244175,30279.22,-3723.28,23070.93,-88.98,82.09,1207.61,-44.59458393639503,803.3638561693937
11.27794461127754,30304.71,-3702.11,23029.57,-88.89,82.09,1206.46,-46.79671948065325,630.9028204839044
11.311311311310906,30321.58,-3686.14,22996.83,-88.74,82.09,1205.6,-48.978606162793696,444.0061542338983
11.344678011344271,30339.99,-3670.8,22963.32,-89.03,82.09,1204.73,-50.92799429177058,242.50165076614917
11.378044711377637,30339.99,-3670.8,22963.32,-89.03,82.09,1204.73,-52.764252949782296,26.344234233883952
11.411411411411002,30356.41,-3655.05,22930.58,-89.02,82.09,1205.32,-54.71549586712959,30.837075604851748
11.444778111444368,30370.05,-3638.55,22897.86,-88.8,82.09,1208.69,-56.60306277148579,35.04459774194842
11.478144811477733,30380.11,-3626.99,22874.69,-89.0,82.09,1210.85,-58.49945537913159,39.10541189517457
11.511511511511099,30409.37,-3592.03,22796.33,-88.86,82.09,1217.8,-60.15602879630692,42.873776854852196
11.544878211544464,30415.38,-3581.45,22774.7,-88.97,82.09,1219.66,-61.63629161741754,46.3632274596911
11.57824491157783,30419.05,-3576.26,22762.05,-89.09,82.09,1220.59,-63.002327898556544,49.605908951626844
11.611611611611195,30429.43,-3561.55,22727.89,-89.04,82.09,1223.28,-64.26009502693576,52.47336120969186
11.64497831164456,30439.21,-3547.6,22691.03,-88.87,82.09,1225.86,-65.48666679588752,54.92642987904648
11.678345011677926,30450.04,-3528.9,22643.92,-88.85,82.09,1229.12,-66.68454473600558,56.84813528227218
11.711711711711292,30456.77,-3515.42,22607.6,-89.29,82.09,1231.49,-67.86805147622877,58.24391552420818
11.745078411744657,30464.84,-3502.07,22573.22,-89.03,82.09,1233.7,-69.05696418795023,59.114133145176424
11.778445111778023,30467.56,-3495.84,22549.61,-89.07,82.09,1235.04,-70.28901817813973,59.474860766143365
11.811811811811388,30475.75,-3479.02,22502.41,-89.28,82.09,1237.74,-71.4702822423552,59.19256270162697
11.845178511844754,30480.42,-3469.93,22466.07,-89.08,82.09,1239.67,-72.63364971121898,58.289474758078796
11.87854521187812,30484.05,-3461.21,22430.94,-88.85,82.09,1241.48,-73.76184541247872,56.67762048388508
11.911911911911485,30488.87,-3450.32,22393.95,-89.26,82.09,1243.24,-74.97814541476745,54.56654818549808
11.94527861194485,30491.01,-3445.49,22370.5,-88.78,82.09,1244.4,-76.18290330792135,52.05656068549848
11.978645311978216,30494.63,-3437.28,22332.6,-89.02,82.09,1246.08,-77.36096676581771,49.67865870969146
12.012012012011581,30497.34,-3429.56,22296.25,-89.14,82.09,1247.65,-78.53832159899952,47.224260725820415
12.045378712044947,30500.39,-3422.33,22260.14,-88.81,82.09,1249.13,-79.52771991390033,45.635971572595025
12.078745412078312,30502.67,-3414.76,22211.75,-89.01,82.09,1250.99,-80.49948684708036,43.99656423388461
12.112112112111678,30503.91,-3411.62,22175.3,-89.11,82.09,1252.33,-81.48600418436395,42.13383205646579
12.145478812145043,30505.07,-3407.51,22138.46,-89.03,82.09,1253.63,-82.4343852914673,40.46626741936913
12.178845512178409,30505.39,-3404.84,22112.64,-89.06,82.09,1254.46,-83.33396659091899,38.92184564517524
12.212212212211774,30506.48,-3402.05,22065.05,-88.9,82.09,1256.01,-84.1131175955525,37.593497903239694
12.24557891224514,30506.86,-3401.22,22027.97,-89.0,82.09,1257.12,-84.83036275549783,36.39868584678814
12.278945612278505,30506.63,-3401.27,21991.68,-89.04,82.09,1258.17,-85.47004049295248,35.32701665323967
12.312312312311871,30507.92,-3399.96,21952.62,-88.72,82.09,1259.22,-86.09692645192492,34.22138951614281
12.345679012345236,30507.31,-3398.04,21915.79,-89.04,82.09,1260.23,-86.61767941378812,33.35830185485233
12.379045712378602,30507.66,-3399.06,21887.98,-88.93,82.09,1260.89,-87.08739724030181,32.60917270162645
12.412412412411967,30507.48,-3397.63,21851.2,-89.09,82.09,1261.88,-87.49620647073226,31.959983830658302
12.445779112445333,30506.77,-3397.35,21813.32,-88.95,82.09,1262.86,-87.83229016016284,31.405297137110267
12.479145812478698,30507.98,-3396.65,21773.64,-89.02,82.09,1263.83,-88.14491892616405,30.898344919368157
12.512512512512064,30509.1,-3396.48,21736.61,-89.02,82.09,1264.78,-88.40423718422863,30.592240040336918
12.54587921254543,30506.87,-3395.12,21698.66,-88.69,82.09,1265.74,-88.61182885143818,30.39405133065833
12.579245912578795,30509.2,-3395.5,21661.16,-89.06,82.09,1266.67,-88.75105125933985,30.225470080658454
12.61261261261216,30508.75,-3393.82,21625.44,-88.94,82.09,1267.58,-88.84468831265536,30.18571149194932
12.645979312645526,30506.67,-3391.82,21571.67,-88.73,82.09,1268.92,-88.91237729771662,30.185228104852428
12.679346012678891,30508.87,-3392.99,21533.02,-89.04,82.09,1269.89,-88.95725030848602,30.16299229840044
12.712712712712257,30509.47,-3391.91,21505.26,-88.94,82.09,1270.54,-88.98354997156773,30.094230483884672
12.746079412745623,30509.33,-3391.52,21467.43,-89.13,82.09,1271.51,-88.98702726757651,30.11852068549743
12.779446112778988,30508.82,-3390.65,21427.5,-88.99,82.09,1272.5,-88.98642200403549,30.15791673388486
12.812812812812354,30508.96,-3389.66,21387.11,-88.96,82.09,1273.47,-88.98267118518353,30.215318951626728
12.846179512845719,30509.89,-3389.97,21343.98,-89.09,82.09,1274.49,-88.98276319211637,30.350788185497805
12.879546212879085,30508.34,-3388.64,21303.18,-88.75,82.09,1275.51,-88.98760862533696,30.49121213711001
12.91291291291245,30508.78,-3386.73,21260.28,-88.92,82.09,1276.52,-88.98265992689298,30.503538508078577
12.946279612945816,30509.35,-3386.72,21220.02,-88.98,82.09,1277.5,-88.97627373477764,30.513206250013525
12.979646312979181,30508.15,-3385.34,21166.23,-88.71,82.09,1278.81,-88.98133370014571,30.519973669368852
13.013013013012547,30509.58,-3384.69,21097.67,-88.92,82.09,1280.42,-88.98513254389525,30.57411302420749
13.046379713045912,30510.52,-3384.54,21046.41,-88.99,82.09,1281.63,-88.98754426192592,30.606137419368764
13.079746413079278,30512.01,-3382.83,21009.04,-89.31,82.09,1282.48,-88.98928307086426,30.623297661304463
13.113113113112643,30510.21,-3383.03,20968.35,-88.91,82.09,1283.43,-89.0041587468184,30.55779870969198
13.146479813146009,30511.33,-3381.92,20928.93,-89.11,82.09,1284.38,-89.00488727848148,30.467163629046695
13.179846513179374,30510.46,-3382.02,20900.51,-88.76,82.09,1285.01,-88.99825339070557,30.43199721775585
13.21321321321274,30510.76,-3381.52,20869.77,-89.07,82.09,1285.96,-89.00385336962677,30.383537661304274
13.246579913246105,30511.41,-3380.51,20837.56,-89.1,82.09,1286.92,-89.00882008214076,30.321784959691485
13.27994661327947,30510.83,-3379.55,20805.04,-88.89,82.09,1287.88,-89.01459415294157,30.242872016143025
13.313313313312836,30512.27,-3377.97,20768.7,-89.23,82.09,1288.91,-89.00537087686122,30.147040524207824
13.346680013346202,30511.45,-3378.13,20718.54,-88.99,82.09,1290.27,-89.0106070370416,29.972900322594768
13.380046713379567,30510.05,-3378.95,20681.44,-88.71,82.09,1291.29,-89.01796782199304,29.85024084678841
13.413413413412933,30512.54,-3376.45,20657.33,-89.28,82.09,1291.95,-89.02194142048488,29.660028024207094
13.446780113446298,30512.22,-3376.21,20618.7,-89.12,82.09,1292.95,-89.01839885801287,29.629816330658713
13.480146813479664,30511.68,-3376.19,20579.95,-88.96,82.09,1293.96,-89.01388721273185,29.580269153239016
13.513513513513029,30511.99,-3375.44,20529.67,-89.06,82.09,1295.26,-89.00878054375472,29.517307983885047
13.546880213546395,30513.0,-3374.54,20491.34,-89.14,82.09,1296.22,-88.99876190611604,29.563108911304596
13.58024691357976,30511.24,-3373.6,20452.96,-88.92,82.09,1297.21,-88.99792739917501,29.700753387110723
13.613613613613126,30512.59,-3374.36,20426.6,-89.17,82.09,1297.86,-88.99736484502023,29.803956532272053
13.646980313646491,30511.9,-3372.83,20386.31,-88.88,82.09,1298.83,-89.00029572489207,29.83839786291665
13.680347013679857,30512.65,-3372.14,20349.07,-89.13,82.09,1299.79,-88.99690550758065,29.927341088724233
13.713713713713222,30512.09,-3371.33,20310.03,-88.89,82.09,1300.74,-89.00420340289912,29.881298467755727
13.747080413746588,30513.18,-3371.22,20255.88,-88.98,82.09,1302.03,-89.01819792171594,29.820150000013996
13.780447113779953,30512.45,-3370.18,20216.26,-89.08,82.09,1303.0,-89.01846232938463,29.75126733872358
13.813813813813319,30512.62,-3367.85,20176.71,-88.91,82.09,1303.95,-89.0166097981068,29.725164435497533
13.847180513846684,30513.27,-3369.42,20150.64,-89.14,82.09,1304.58,-88.99631665379134,29.637550524207455
13.88054721388005,30513.63,-3367.89,20096.86,-89.06,82.09,1305.85,-88.98354066633372,29.616885725820566
13.913913913913415,30512.46,-3367.04,20069.99,-88.96,82.09,1306.48,-88.9867757919048,29.66026971775574
13.94728061394678,30513.92,-3366.4,19992.01,-88.97,82.09,1308.35,-88.9753258837119,29.743895685497705
13.980647313980146,30512.8,-3364.78,19949.44,-89.07,82.09,1309.32,-88.9676466664382,29.641780161304155
14.014014014013512,30513.59,-3364.63,19922.17,-88.9,82.09,1309.97,-88.97293514438874,29.541960725820786
14.047380714046877,30513.84,-3363.07,19880.58,-89.1,82.09,1310.93,-88.97258593002151,29.579060685498064
14.080747414080243,30513.99,-3362.47,19826.97,-89.05,82.04,1312.18,-88.9730635891742,29.599242096788345
14.114114114113608,30513.35,-3362.99,19787.27,-88.84,82.04,1313.12,-88.97273318911806,29.612535241949303
14.147480814146974,30514.17,-3361.83,19757.67,-89.28,82.04,1313.77,-88.97908330546505,29.55754995969184
14.18084751418034,30513.82,-3360.65,19701.83,-88.97,82.04,1315.08,-88.9887652987416,29.554166250013594
14.214214214213705,30513.6,-3360.63,19675.38,-89.07,82.04,1315.71,-88.98605362004031,29.480570564530467
14.24758091424707,30514.37,-3360.8,19633.95,-89.01,82.04,1316.66,-88.98707581993831,29.57603951614314
14.280947614280436,30514.14,-3359.02,19592.27,-88.8,82.04,1317.64,-88.99093751103919,29.714650766142455
14.314314314313801,30514.61,-3358.19,19536.89,-89.12,82.04,1318.9,-88.99198068294601,29.834772459691465
14.347681014347167,30514.28,-3356.69,19509.33,-88.88,82.0,1319.53,-88.9890776279093,29.929153790337296
14.381047714380532,30514.1,-3355.62,19467.42,-88.96,82.0,1320.49,-89.00381622954377,29.945226411304162
14.414414414413898,30514.35,-3354.77,19411.27,-89.08,82.0,1321.77,-89.00471569574258,29.98981887098202
14.447781114447263,30514.28,-3354.19,19344.13,-89.32,82.0,1323.32,-89.00808359771742,29.943534556465636
14.481147814480629,30514.28,-3354.19,19344.13,-89.32,82.0,1323.32,-89.0134487941726,30.04818786291699
14.514514514513994,30514.12,-3354.23,19301.12,-89.04,82.0,1324.28,-89.01956308055006,30.15368709678782
14.54788121454736,30514.5,-3352.42,19240.33,-88.87,82.0,1325.67,-89.0166189557307,30.136043467756764
14.581247914580725,30514.81,-3352.17,19200.04,-89.29,82.0,1326.58,-89.01516095056981,30.098460120981628
14.61461461461409,30514.74,-3351.44,19159.85,-89.04,82.0,1327.51,-89.0159487770635,30.09942689517507
14.647981314647456,30515.17,-3350.44,19117.58,-89.11,82.0,1328.46,-89.02447731210508,30.08661713711112
14.681348014680822,30514.73,-3350.52,19060.69,-89.36,82.0,1329.75,-89.0233539293684,30.013021451627196
14.714714714714187,30515.91,-3348.79,19032.0,-88.82,82.0,1330.4,-89.02396163714054,30.172539193562358
14.748081414747553,30515.01,-3347.66,18945.68,-89.03,81.95,1332.36,-89.02713680648438,30.30474556453038
14.781448114780918,30515.42,-3346.52,18902.26,-88.84,81.95,1333.33,-89.03592500140917,30.349700564530366
14.814814814814284,30515.35,-3345.64,18860.49,-89.02,81.95,1334.28,-89.0413710955185,30.37507838711099
14.84818151484765,30516.13,-3346.18,18818.31,-88.82,81.95,1335.21,-89.04852182470268,30.43538092743404
14.881548214881015,30515.11,-3345.57,18774.72,-89.25,81.95,1336.19,-89.04067901553518,30.410728185498158
14.91491491491438,30515.79,-3343.88,18735.39,-89.07,81.95,1337.1,-89.02785750212605,30.362993709692006
14.948281614947746,30516.02,-3343.74,18694.17,-89.0,81.95,1338.01,-89.0182784871785,30.41580375001422
14.981648314981111,30515.86,-3342.67,18652.22,-89.15,81.95,1338.95,-89.013195632139,30.56323681453054
15.015015015014477,30516.92,-3342.87,18607.04,-88.86,81.95,1339.96,-89.00766640829468,30.510789314531138
15.048381715047842,30516.44,-3340.95,18577.22,-89.05,81.95,1340.63,-89.01036614435223,30.43610600807878
15.081748415081208,30517.32,-3341.42,18536.03,-88.89,81.95,1341.54,-89.01219422616471,30.35864322582148
15.115115115114573,30516.04,-3340.61,18496.23,-89.23,81.95,1342.46,-89.01164128804919,30.25459415323982
15.148481815147939,30515.58,-3339.49,18453.23,-89.1,81.95,1343.4,-89.00359487562746,30.12722165323993
15.181848515181304,30516.57,-3338.36,18408.91,-89.0,81.95,1344.39,-89.00022838984547,29.9818429838852
15.21521521521467,30517.17,-3337.35,18323.96,-88.93,81.95,1346.32,-89.00703249397493,29.938338145175322
15.248581915248035,30517.59,-3336.27,18267.26,-88.97,81.95,1347.58,-88.99863963120673,29.809757177433426
15.2819486152814,30516.75,-3335.5,18237.15,-89.04,81.95,1348.21,-88.99578035817322,29.791751008078677
15.315315315314766,30518.38,-3335.57,18194.84,-88.72,81.95,1349.16,-88.99466457842841,29.933866814530916
15.348682015348132,30517.33,-3334.88,18153.33,-89.02,81.95,1350.11,-88.98525920528166,30.05290088711044
15.382048715381497,30518.12,-3333.31,18108.97,-88.86,81.95,1351.05,-88.98888941603715,30.147040524207767
15.415415415414863,30517.99,-3332.27,18067.79,-89.18,81.95,1352.0,-88.99745118214705,30.22220721775679
15.448782115448228,30518.46,-3331.71,18010.17,-89.05,81.95,1353.29,-88.99289549798984,30.265591209691962
15.482148815481594,30518.1,-3330.85,17964.87,-88.86,81.95,1354.26,-88.98541959326361,30.27707165324034
15.51551551551496,30516.87,-3329.84,17921.79,-89.11,81.95,1355.22,-88.97828534004543,30.327585604853198
15.548882215548325,30518.37,-3329.56,17878.62,-89.02,81.95,1356.2,-88.98756784772159,30.30692080646611
15.58224891558169,30518.02,-3329.72,17850.12,-89.06,81.95,1356.83,-88.98145494057853,30.210243387111575
15.615615615615056,30517.52,-3328.2,17806.24,-89.1,81.95,1357.79,-88.98455686130183,30.086254596788848
15.648982315648421,30519.13,-3326.7,17761.76,-88.77,81.95,1358.75,-88.98939807963859,29.939909153240365
15.682349015681787,30518.59,-3326.76,17718.13,-89.09,81.95,1359.72,-88.99651388699027,29.830542822595078
15.715715715715152,30518.68,-3325.9,17660.87,-89.08,81.95,1360.99,-88.98878394043476,29.645768104852948
15.749082415748518,30518.8,-3324.65,17618.63,-88.77,81.95,1361.91,-88.99590384662494,29.627761935498512
15.782449115781883,30518.61,-3324.31,17590.78,-89.03,81.95,1362.53,-88.9939847407442,29.82558810485233
15.815815815815249,30519.24,-3323.59,17505.45,-89.29,81.95,1364.39,-88.99174464867468,29.936042056465908
15.849182515848614,30519.35,-3322.02,17465.09,-88.93,81.95,1365.32,-88.99082607783565,30.01217552420829
15.88254921588198,30518.82,-3321.66,17421.13,-89.01,81.95,1366.26,-89.00049764826558,30.058459838724417
15.915915915915345,30518.53,-3321.2,17379.42,-89.09,81.95,1367.18,-88.99866366762733,30.1297594354985
15.94928261594871,30520.12,-3320.11,17338.11,-88.68,81.95,1368.1,-88.99877499844129,30.121421008079352
15.982649315982076,30519.25,-3318.28,17295.71,-88.98,81.95,1369.02,-89.00477334747515,30.184503024208283
16.016016016015442,30519.83,-3317.63,17238.05,-89.07,81.95,1370.3,-89.00556624519922,30.168913790336916
16.049382716048807,30520.43,-3318.43,17208.62,-89.01,81.95,1370.92,-89.00247730277609,30.131692983885586
16.082749416082173,30520.06,-3316.99,17166.35,-89.19,81.95,1371.85,-89.00364834179527,30.081179032272473
16.11611611611554,30518.59,-3316.11,17121.94,-88.95,81.95,1372.81,-89.010353720058,30.166255161304804
16.149482816148904,30520.12,-3315.67,17078.18,-89.22,81.95,1373.79,-89.01563894396426,30.166496854853108
16.18284951618227,30520.61,-3315.27,17018.74,-89.07,81.95,1375.08,-89.00845453340064,30.143898508079133
16.216216216215635,30520.2,-3313.3,16989.79,-89.03,81.95,1375.72,-89.0109904158222,30.0987018145305
16.249582916249,30520.43,-3314.01,16945.23,-89.14,81.95,1376.67,-89.01872628417917,30.08746306453031
16.282949616282366,30519.86,-3311.42,16859.4,-89.05,81.95,1378.54,-89.02204392381748,30.048429556466118
16.31631631631573,30521.13,-3310.93,16818.13,-88.92,81.95,1379.45,-89.01936821784052,29.917915040337647
16.349683016349097,30521.47,-3309.79,16778.08,-89.0,81.95,1380.33,-89.02241974768327,29.933987661305622
16.383049716382462,30520.73,-3310.08,16735.59,-89.17,81.95,1381.23,-89.0111735751189,29.982568064530795
16.416416416415828,30520.87,-3308.54,16680.64,-88.9,81.95,1382.44,-89.00937666192044,30.056647137111582
16.449783116449193,30522.05,-3308.77,16651.26,-89.22,81.95,1383.08,-89.01097559130582,30.042387217756897
16.48314981648256,30521.68,-3308.26,16600.05,-89.2,81.95,1384.17,-89.00554665704514,29.854833024207608
16.516516516515924,30521.63,-3307.17,16574.18,-88.93,81.95,1384.76,-89.00284680530842,29.48383342743449
16.54988321654929,30521.87,-3306.04,16533.23,-89.0,81.95,1385.65,-88.99744051760563,29.0101140725952
16.583249916582655,30520.71,-3305.39,16489.28,-88.91,81.95,1386.56,-88.999086075586,28.32152915324096
16.61661661661602,30520.89,-3303.7,16392.69,-88.87,81.95,1388.66,-89.00258928544659,27.48551116936997
16.649983316649386,30521.64,-3303.79,16364.1,-89.26,81.95,1389.29,-89.00037355728286,26.51909951614394
16.683350016682752,30522.09,-3302.46,16321.5,-89.16,81.95,1390.24,-88.99878285394286,25.437762580660007
16.716716716716117,30522.86,-3302.18,16277.1,-89.01,81.95,1391.18,-89.00642126421886,24.313283346789063
16.750083416749483,30522.2,-3301.86,16232.16,-89.08,81.95,1392.11,-89.00225393620417,23.03557040324054
16.78345011678285,30522.76,-3301.2,16189.63,-88.74,81.95,1393.05,-89.01203618813264,21.672297943563223
16.816816816816214,30522.56,-3299.49,16147.16,-88.95,81.95,1393.96,-89.00738672411498,20.412832862917327
16.85018351684958,30522.4,-3298.77,16104.9,-88.92,81.95,1394.88,-88.99622895195333,19.09415286291747
16.883550216882945,30522.11,-3296.68,16047.1,-88.74,81.95,1396.1,-88.99435775075743,17.721454354852682
16.91691691691631,30522.17,-3296.41,15991.9,-89.03,81.95,1397.29,-88.98995476083395,16.30923895162701
16.950283616949676,30522.8,-3296.11,15964.83,-88.98,81.95,1397.89,-88.98281612727433,14.928322862918009
16.98365031698304,30522.79,-3294.96,15920.93,-88.82,81.95,1398.0,-88.98040004260307,13.483116290336653
17.017017017016407,30522.19,-3295.54,15881.3,-89.27,81.95,1398.0,-88.9954965422525,12.06836310485292
17.050383717049773,30523.42,-3294.2,15827.08,-89.0,81.95,1398.0,-89.0049176875688,10.600558185498045
17.083750417083138,30524.68,-3293.34,15785.29,-88.98,81.95,1398.0,-88.99449670458515,9.144837943562521
17.117117117116504,30523.03,-3292.47,15698.52,-88.98,81.95,1398.0,-88.99054768678602,7.715824838723762
17.15048381714987,30523.21,-3290.67,15641.68,-88.98,81.95,1398.0,-88.99170410372163,6.5546081854978695
17.183850517183235,30524.2,-3290.24,15611.77,-88.87,81.95,1398.0,-88.99355898085003,5.402334193562325
17.2172172172166,30523.36,-3290.04,15571.68,-88.99,81.95,1398.0,-88.99499168418612,4.328489758078518
17.250583917249966,30523.48,-3289.22,15530.38,-89.01,81.95,1398.0,-88.99128062567053,3.342621774207288
17.28395061728333,30524.28,-3288.99,15488.39,-89.02,81.95,1398.0,-89.00115166622034,2.454156290336101
17.317317317316697,30524.29,-3287.4,15447.28,-89.03,81.95,1398.0,-88.99912467111392,1.6762656048523752
17.350684017350062,30524.09,-3285.73,15407.25,-88.97,81.95,1398.0,-88.99479247211274,1.014508669368439
17.384050717383428,30523.68,-3286.65,15365.03,-89.19,81.95,1398.0,-88.99185304010972,0.48181608872314996
17.417417417416793,30524.83,-3284.64,15324.92,-88.78,81.95,1398.0,-88.98356925152038,0.14731221775551262
17.45078411745016,30524.38,-3283.15,15233.95,-88.94,81.95,1398.0,-88.98531332676461,0.01993971775542036
17.484150817483524,30524.7,-3282.53,15197.12,-89.07,81.95,1398.0,-88.98705705435385,1.3784529073745944e-11
17.51751751751689,30524.05,-3283.59,15157.02,-89.19,81.95,1398.0,-88.98289690629716,1.3784529073745944e-11
17.550884217550255,30524.92,-3282.9,15115.2,-88.93,81.95,1398.0,-88.98889256630018,1.3784529073745944e-11
17.58425091758362,30524.79,-3280.02,15075.58,-89.11,81.95,1398.0,-88.99366055209124,1.3784529073745944e-11
17.617617617616986,30525.67,-3279.76,15023.79,-88.91,81.95,1398.0,-88.98728825656927,1.3784529073745944e-11
17.65098431765035,30525.33,-3279.44,14970.52,-88.99,81.95,1398.0,-88.99693791850581,1.3784529073745944e-11
17.684351017683717,30525.57,-3278.58,14943.13,-88.95,81.95,1398.0,-88.99306477508385,1.3784529073745944e-11
17.717717717717083,30526.05,-3278.53,14903.59,-88.89,81.95,1398.0,-88.99475862576541,1.3784529073745944e-11
17.751084417750448,30524.63,-3276.58,14865.6,-89.23,81.95,1398.0,-88.99733470536144,1.3784529073745944e-11
17.784451117783814,30525.26,-3276.21,14773.32,-89.09,81.95,1398.0,-89.00198242220145,1.3784529073745944e-11
17.81781781781718,30525.61,-3273.68,14720.42,-89.25,81.95,1398.0,-89.01068207936306,1.3784529073745944e-11
17.851184517850545,30526.58,-3273.87,14692.21,-88.93,81.95,1398.0,-89.01277033782623,1.3784529073745944e-11
17.88455121788391,30526.96,-3273.3,14650.55,-89.0,81.95,1398.0,-88.99986648302433,1.3784529073745944e-11
17.917917917917276,30525.19,-3272.67,14610.96,-88.87,81.95,1398.0,-89.00416139596129,1.3784529073745944e-11
17.95128461795064,30526.3,-3272.78,14569.09,-89.13,81.95,1398.0,-88.99523674025198,1.3784529073745944e-11
17.984651317984007,30526.69,-3271.4,14489.88,-89.16,81.95,1398.0,-88.9881150472843,1.3784529073745944e-11
18.018018018017372,30526.88,-3270.15,14437.55,-89.09,81.95,1398.0,-88.99051468680462,1.3784529073745944e-11
18.051384718050738,30526.56,-3269.67,14413.64,-88.97,81.95,1398.0,-89.00070829686761,1.3784529073745944e-11
18.084751418084103,30525.92,-3269.25,14373.06,-88.92,81.95,1398.0,-89.01045205156385,1.3784529073745944e-11
18.11811811811747,30526.6,-3267.22,14318.94,-88.86,81.95,1398.0,-89.0058105174715,1.3784529073745944e-11
18.151484818150834,30527.71,-3267.88,14280.49,-89.19,81.95,1398.0,-89.00040884682403,1.3784529073745944e-11
18.1848515181842,30527.32,-3265.94,14228.88,-88.95,81.95,1398.0,-88.99797614807568,1.3784529073745944e-11
18.218218218217565,30527.66,-3266.31,14202.36,-89.13,81.95,1398.0,-89.0047613184509,1.3784529073745944e-11
18.25158491825093,30527.65,-3264.9,14152.46,-89.0,81.95,1398.0,-89.00660635842259,1.3784529073745944e-11
18.284951618284296,30527.18,-3263.8,14074.39,-89.0,81.95,1398.0,-88.9984763883664,1.3784529073745944e-11
18.31831831831766,30527.43,-3263.07,14023.83,-88.75,81.95,1398.0,-89.00685693492845,1.3784529073745944e-11
18.351685018351027,30528.11,-3262.71,13998.63,-89.32,81.95,1398.0,-89.0035023650623,1.3784529073745944e-11
18.385051718384393,30527.63,-3260.67,13946.11,-88.95,81.95,1398.0,-89.00120105382585,1.3784529073745944e-11
18.418418418417758,30527.89,-3260.54,13906.76,-89.03,81.95,1398.0,-88.9941856250453,1.3784529073745944e-11
18.451785118451124,30527.58,-3259.02,13839.99,-88.97,81.95,1398.0,-88.98685247397178,1.3784529073745944e-11
18.48515181848449,30527.73,-3258.17,13787.26,-89.05,81.95,1398.0,-88.99139147345565,1.3784529073745944e-11
18.518518518517855,30528.63,-3259.15,13760.34,-88.99,81.95,1398.0,-88.99812711036886,1.3784529073745944e-11
18.55188521855122,30528.16,-3257.56,13720.43,-89.11,81.95,1398.0,-88.99573538343834,1.3784529073745944e-11
18.585251918584586,30528.5,-3256.87,13682.52,-88.93,81.95,1398.0,-88.9987452956904,1.3784529073745944e-11
18.61861861861795,30528.54,-3256.48,13645.71,-89.04,81.95,1398.0,-89.00457976239004,1.3784529073745944e-11
18.651985318651317,30529.27,-3254.41,13555.74,-88.9,81.95,1398.0,-88.99583916236732,1.3784529073745944e-11
18.685352018684682,30529.31,-3253.19,13503.55,-89.08,81.95,1398.0,-88.99900521683983,1.3784529073745944e-11
18.718718718718048,30528.94,-3254.3,13476.57,-88.97,81.95,1398.0,-88.99259107502448,1.3784529073745944e-11
18.752085418751413,30529.07,-3252.2,13425.52,-89.3,81.95,1398.0,-88.99866903467702,1.3784529073745944e-11
18.78545211878478,30528.93,-3251.25,13388.28,-89.04,81.95,1398.0,-88.98487752496212,1.3784529073745944e-11
18.818818818818144,30529.38,-3251.65,13349.41,-89.1,81.95,1398.0,-88.98822502288546,1.3784529073745944e-11
18.85218551885151,30528.85,-3250.9,13301.91,-88.87,81.95,1398.0,-88.99265370144265,1.3784529073745944e-11
18.885552218884875,30528.89,-3249.47,13239.14,-88.94,81.95,1398.0,-89.00045387482439,1.3784529073745944e-11
18.91891891891824,30530.37,-3248.26,13198.66,-89.17,81.95,1398.0,-88.99971499765604,1.3784529073745944e-11
18.952285618951606,30530.89,-3247.06,13147.62,-89.05,81.95,1398.0,-88.99442671627054,1.3784529073745944e-11
18.98565231898497,30529.6,-3247.06,13110.26,-89.09,81.95,1398.0,-88.9938907109307,1.3784529073745944e-11
19.019019019018337,30529.39,-3246.65,13071.45,-88.97,81.95,1398.0,-88.99041104807021,1.3784529073745944e-11
19.052385719051703,30530.53,-3245.26,13032.74,-88.94,81.95,1398.0,-88.9867304814812,1.3784529073745944e-11
19.08575241908507,30530.11,-3245.2,12992.75,-89.3,81.95,1398.0,-88.99003926623283,1.3784529073745944e-11
19.119119119118434,30529.98,-3243.59,12903.78,-89.02,81.95,1398.0,-88.98863018195894,1.3784529073745944e-11
19.1524858191518,30530.37,-3241.97,12851.25,-89.28,81.95,1398.0,-88.98782095338483,1.3784529073745944e-11
19.185852519185165,30530.81,-3241.96,12826.93,-88.81,81.95,1398.0,-88.98240649552103,1.3784529073745944e-11
19.21921921921853,30531.18,-3241.02,12788.06,-88.98,81.95,1398.0,-88.9850354336844,1.3784529073745944e-11
19.252585919251896,30530.18,-3241.05,12749.34,-88.87,81.95,1398.0,-88.99399694054843,1.3784529073745944e-11
19.28595261928526,30531.89,-3238.48,12709.66,-89.27,81.95,1398.0,-88.99621402982473,1.3784529073745944e-11
19.319319319318627,30531.29,-3238.86,12632.63,-89.1,81.95,1398.0,-88.99193658294492,1.3784529073745944e-11
19.352686019351992,30531.46,-3237.99,12581.45,-88.98,81.95,1398.0,-88.9971162720589,1.3784529073745944e-11
19.386052719385358,30530.09,-3237.79,12555.3,-89.21,81.95,1398.0,-89.00366625254456,1.3784529073745944e-11
19.419419419418723,30531.19,-3237.05,12505.71,-88.94,81.95,1398.0,-89.00395123634672,1.3784529073745944e-11
19.45278611945209,30532.45,-3235.46,12466.88,-88.94,81.95,1398.0,-89.00136454055314,1.3784529073745944e-11
19.486152819485454,30531.65,-3235.6,12428.58,-89.05,81.95,1398.0,-88.99443185477466,1.3784529073745944e-11
19.51951951951882,30531.75,-3234.53,12389.68,-89.03,81.95,1398.0,-88.99725920318427,1.3784529073745944e-11
19.552886219552185,30532.78,-3231.66,12298.68,-88.76,81.95,1398.0,-89.01002536683131,1.3784529073745944e-11
19.58625291958555,30532.27,-3232.34,12247.21,-88.91,81.95,1398.0,-89.00266272645531,1.3784529073745944e-11
19.619619619618916,30531.73,-3231.26,12221.49,-88.92,81.95,1398.0,-89.00674477565909,1.3784529073745944e-11
19.652986319652282,30532.39,-3230.48,12183.34,-88.99,81.95,1398.0,-89.0075863522415,1.3784529073745944e-11
19.686353019685647,30532.02,-3229.49,12133.4,-89.35,81.95,1398.0,-89.00553968715143,1.3784529073745944e-11
19.719719719719013,30531.93,-3229.95,12081.24,-89.0,81.95,1398.0,-89.0021553038918,1.3784529073745944e-11
19.75308641975238,30532.59,-3228.13,12017.16,-88.81,81.95,1398.0,-88.99961403887056,1.3784529073745944e-11
19.786453119785744,30532.92,-3227.59,11965.55,-88.77,81.95,1398.0,-89.00679182802166,1.3784529073745944e-11
19.81981981981911,30532.16,-3226.25,11927.31,-89.02,81.95,1398.0,-88.99584095079005,1.3784529073745944e-11
19.853186519852475,30533.63,-3226.26,11903.0,-89.0,81.95,1398.0,-88.99519762265786,1.3784529073745944e-11
19.88655321988584,30532.22,-3225.33,11862.82,-89.14,81.95,1398.0,-88.99620568334497,1.3784529073745944e-11
19.919919919919206,30532.73,-3224.14,11821.83,-88.77,81.95,1398.0,-89.00107174451118,1.3784529073745944e-11
19.95328661995257,30532.95,-3223.07,11743.02,-88.86,81.95,1398.0,-89.0063297705159,1.3784529073745944e-11
19.986653319985937,30531.91,-3222.07,11704.88,-89.23,81.95,1398.0,-89.00193897354221,1.3784529073745944e-11
20.020020020019302,30534.38,-3222.18,11666.24,-89.02,81.95,1398.0,-89.00653603628365,1.3784529073745944e-11
20.053386720052668,30534.38,-3222.33,11616.15,-89.0,81.95,1398.0,-89.0079383183509,1.3784529073745944e-11
20.086753420086033,30533.13,-3219.92,11590.34,-88.83,81.95,1398.0,-88.99688531409625,1.3784529073745944e-11
20.1201201201194,30533.87,-3220.1,11550.15,-88.88,81.95,1398.0,-89.00151472905004,1.3784529073745944e-11
20.153486820152764,30532.86,-3218.14,11469.8,-88.94,81.95,1398.0,-89.0030256463227,1.3784529073745944e-11
20.18685352018613,30533.18,-3217.83,11428.53,-89.2,81.95,1398.0,-88.99787354380737,1.3784529073745944e-11
20.220220220219495,30533.64,-3216.42,11375.76,-89.0,81.95,1398.0,-88.99558470193716,1.3784529073745944e-11
20.25358692025286,30533.68,-3216.14,11336.33,-89.12,81.95,1398.0,-89.00059473769856,1.3784529073745944e-11
20.286953620286226,30534.16,-3216.18,11309.31,-88.92,81.95,1398.0,-89.00578764300344,1.3784529073745944e-11
20.320320320319592,30533.95,-3215.19,11268.3,-89.0,81.95,1398.0,-89.00617795610428,1.3784529073745944e-11
20.353687020352957,30534.72,-3214.1,11224.4,-88.86,81.95,1398.0,-89.00383790636462,1.3784529073745944e-11
20.387053720386323,30534.21,-3213.51,11183.76,-88.96,81.95,1398.0,-89.00623232938489,1.3784529073745944e-11
20.42042042041969,30534.52,-3212.21,11104.8,-89.03,81.95,1398.0,-89.00427154341473,1.3784529073745944e-11
20.453787120453054,30534.73,-3211.46,11060.16,-89.05,81.95,1398.0,-89.00525073764626,1.3784529073745944e-11
20.48715382048642,30535.09,-3210.53,11016.71,-88.89,81.95,1398.0,-89.00759073156223,1.3784529073745944e-11
20.520520520519785,30535.92,-3210.2,10977.41,-89.04,81.95,1398.0,-89.00485180604342,1.3784529073745944e-11
20.55388722055315,30534.81,-3209.27,10934.52,-88.98,81.95,1398.0,-89.00491911114298,1.3784529073745944e-11
20.587253920586516,30534.55,-3208.31,10890.93,-88.94,81.95,1398.0,-89.01171984567804,1.3784529073745944e-11
20.62062062061988,30535.44,-3208.11,10849.76,-89.18,81.95,1398.0,-89.00919878545443,1.3784529073745944e-11
20.653987320653247,30535.84,-3207.65,10810.77,-89.0,81.95,1398.0,-89.01038973864334,1.3784529073745944e-11
20.687354020686612,30534.64,-3206.1,10767.98,-89.06,81.95,1398.0,-89.00997000150402,1.3784529073745944e-11
20.720720720719978,30535.16,-3205.86,10723.94,-88.93,81.91,1398.0,-89.00589238465595,1.3784529073745944e-11
20.754087420753343,30536.34,-3203.95,10632.97,-89.07,81.91,1398.0,-89.00296939059848,1.3784529073745944e-11
20.78745412078671,30534.97,-3203.87,10594.22,-88.93,81.91,1398.0,-89.0070677524017,1.3784529073745944e-11
20.820820820820074,30536.31,-3202.44,10556.42,-89.33,81.91,1398.0,-89.00755840878467,1.3784529073745944e-11
20.85418752085344,30536.69,-3201.95,10515.45,-88.96,81.91,1398.0,-89.01403805598804,1.3784529073745944e-11
20.887554220886805,30535.7,-3201.51,10476.55,-89.03,81.91,1398.0,-89.01527015132211,1.3784529073745944e-11
20.92092092092017,30536.92,-3200.0,10412.58,-89.29,81.91,1398.0,-89.01472927581763,1.3784529073745944e-11
20.954287620953536,30536.6,-3200.42,10385.69,-88.81,81.91,1398.0,-89.01174970936908,1.3784529073745944e-11
20.987654320986902,30536.55,-3199.02,10309.51,-88.9,81.91,1398.0,-89.00571911910093,1.3784529073745944e-11
21.021021021020267,30536.31,-3197.89,10272.85,-89.29,81.91,1398.0,-89.00657837409813,1.3784529073745944e-11
21.054387721053633,30537.31,-3197.27,10232.76,-88.97,81.87,1398.0,-89.00488319697659,1.3784529073745944e-11
21.087754421087,30536.88,-3196.36,10194.9,-89.1,81.87,1398.0,-89.00320331963906,1.3784529073745944e-11
21.121121121120364,30536.9,-3196.2,10156.05,-88.96,81.87,1398.0,-88.9935561068685,1.3784529073745944e-11
21.15448782115373,30537.0,-3195.04,10103.79,-88.71,81.87,1398.0,-88.9945254030755,1.3784529073745944e-11
21.187854521187095,30537.94,-3194.48,10052.68,-89.09,81.87,1398.0,-89.0017790653047,1.3784529073745944e-11
21.22122122122046,30536.58,-3192.11,9978.38,-89.04,81.87,1398.0,-88.99903428560516,1.3784529073745944e-11
21.254587921253826,30537.77,-3192.28,9938.19,-89.14,81.87,1398.0,-89.00504886636121,1.3784529073745944e-11
21.28795462128719,30538.58,-3192.25,9897.84,-88.98,81.87,1398.0,-89.00257446563674,1.3784529073745944e-11
21.321321321320557,30537.58,-3190.22,9843.3,-89.19,81.87,1398.0,-89.00309861082654,1.3784529073745944e-11
21.354688021353923,30538.45,-3190.94,9818.44,-88.76,81.87,1398.0,-88.99318038152681,1.3784529073745944e-11
21.388054721387288,30538.5,-3189.37,9740.68,-88.85,81.73,1398.0,-88.9894483122286,1.3784529073745944e-11
21.421421421420654,30538.34,-3188.28,9703.67,-89.2,81.65,1398.0,-88.99253036823812,1.3784529073745944e-11
21.45478812145402,30537.94,-3186.96,9652.75,-89.03,81.47,1398.0,-88.99121843235275,1.3784529073745944e-11
21.488154821487385,30537.56,-3185.77,9613.36,-88.97,81.34,1398.0,-89.00106419515201,1.3784529073745944e-11
21.52152152152075,30538.86,-3186.45,9576.28,-89.15,81.25,1398.0,-89.00123343037421,1.3784529073745944e-11
21.554888221554116,30538.39,-3184.48,9499.92,-88.89,81.25,1398.0,-89.0054950714115,1.3784529073745944e-11
21.58825492158748,30538.39,-3184.48,9499.92,-88.89,81.25,1398.0,-89.00737477148131,1.3784529073745944e-11
21.621621621620847,30538.45,-3181.98,9410.8,-89.22,81.21,1398.0,-89.00046669083194,1.3784529073745944e-11
21.654988321654212,30538.15,-3182.29,9374.1,-89.0,81.21,1398.0,-89.00259475304114,1.3784529073745944e-11
21.688355021687578,30540.13,-3182.63,9339.03,-89.01,81.21,1398.0,-88.99801456058141,1.3784529073745944e-11
21.721721721720943,30539.7,-3180.98,9288.71,-89.02,81.21,1398.0,-89.00506322358895,1.3784529073745944e-11
21.75508842175431,30539.27,-3180.76,9238.25,-88.94,81.21,1398.0,-89.00309575897163,1.3784529073745944e-11
21.788455121787674,30539.91,-3179.55,9199.73,-89.05,81.21,1398.0,-88.99938762583524,1.3784529073745944e-11
21.82182182182104,30539.09,-3178.12,9149.24,-89.08,81.21,1398.0,-89.00798331779838,1.3784529073745944e-11
21.855188521854405,30539.32,-3176.57,9086.48,-89.06,81.21,1398.0,-89.0079946411692,1.3784529073745944e-11
21.88855522188777,30539.82,-3176.33,9032.99,-89.01,81.21,1398.0,-89.01631083662392,1.3784529073745944e-11
21.921921921921136,30539.46,-3176.38,9007.69,-88.93,81.21,1398.0,-89.02090859050217,1.3784529073745944e-11
21.9552886219545,30539.39,-3175.46,8956.48,-88.83,81.21,1398.0,-89.02459682600353,1.3784529073745944e-11
21.988655321987867,30540.94,-3174.98,8883.6,-88.91,81.21,1398.0,-89.02446468259022,1.3784529073745944e-11
22.022022022021233,30539.76,-3173.13,8858.88,-89.02,81.21,1398.0,-89.0197468586546,1.3784529073745944e-11
22.055388722054598,30540.32,-3173.4,8813.19,-88.82,81.21,1398.0,-89.02780262203454,1.3784529073745944e-11
22.088755422087964,30541.5,-3172.57,8769.94,-89.04,81.21,1398.0,-89.02226479995973,1.3784529073745944e-11
22.12212212212133,30540.0,-3170.9,8743.19,-89.07,81.21,1398.0,-89.02053259789031,1.3784529073745944e-11
22.155488822154695,30540.82,-3170.38,8668.98,-88.76,81.21,1398.0,-89.01515817384849,1.3784529073745944e-11
22.18885552218806,30539.46,-3168.62,8616.83,-89.08,81.21,1398.0,-89.00999804716636,1.3784529073745944e-11
22.222222222221426,30542.64,-3169.95,8592.55,-88.92,81.21,1398.0,-89.0109571306832,1.3784529073745944e-11
22.25558892225479,30542.25,-3168.7,8539.37,-89.21,81.21,1398.0,-89.00300517945807,1.3784529073745944e-11
22.288955622288157,30540.44,-3166.83,8500.17,-88.96,81.21,1398.0,-88.99656006461585,1.3784529073745944e-11
22.322322322321522,30541.52,-3167.36,8461.86,-89.15,81.21,1398.0,-88.99405269760632,1.3784529073745944e-11
22.355689022354888,30542.05,-3165.95,8387.94,-88.93,81.21,1398.0,-88.99454083102924,1.3784529073745944e-11
22.389055722388253,30541.75,-3165.12,8338.43,-89.05,81.21,1398.0,-88.98601090969969,1.3784529073745944e-11
22.42242242242162,30542.68,-3164.33,8301.31,-88.93,81.21,1398.0,-88.98352003795053,1.3784529073745944e-11
22.455789122454984,30541.76,-3163.79,8263.35,-89.09,81.21,1398.0,-88.9898291160582,1.3784529073745944e-11
22.48915582248835,30541.58,-3162.78,8214.92,-89.02,81.21,1398.0,-88.99271524670961,1.3784529073745944e-11
22.522522522521715,30542.54,-3162.14,8176.84,-89.08,81.21,1398.0,-89.00242045424693,1.3784529073745944e-11
22.55588922255508,30543.16,-3161.53,8100.83,-89.08,81.21,1398.0,-88.99486670859038,1.3784529073745944e-11
22.589255922588446,30542.22,-3159.24,8050.91,-88.89,81.21,1398.0,-88.99864074646729,1.3784529073745944e-11
22.62262262262181,30542.33,-3159.27,8024.44,-89.13,81.21,1398.0,-88.99456069562667,1.3784529073745944e-11
22.655989322655177,30543.13,-3158.83,7961.74,-89.16,81.21,1398.0,-88.9878681269193,1.3784529073745944e-11
22.689356022688543,30542.31,-3157.35,7938.66,-88.93,81.21,1398.0,-88.98420742492608,1.3784529073745944e-11
22.722722722721908,30543.05,-3156.72,7888.69,-89.1,81.21,1398.0,-88.9808729106683,1.3784529073745944e-11
22.756089422755274,30541.86,-3155.32,7849.98,-88.87,81.21,1398.0,-88.98191581675437,1.3784529073745944e-11
22.78945612278864,30542.78,-3154.03,7803.49,-89.04,81.21,1398.0,-88.98371855134799,1.3784529073745944e-11
22.822822822822005,30542.86,-3154.28,7755.82,-88.97,81.21,1398.0,-88.97658440517662,1.3784529073745944e-11
22.85618952285537,30542.77,-3154.2,7704.89,-88.85,81.21,1398.0,-88.97648268325436,1.3784529073745944e-11
22.889556222888736,30542.77,-3152.67,7654.05,-89.02,81.21,1398.0,-88.97877128954804,1.3784529073745944e-11
22.9229229229221,30544.04,-3151.73,7580.02,-89.12,81.21,1398.0,-88.9783181228661,1.3784529073745944e-11
22.956289622955467,30543.78,-3151.7,7543.62,-88.99,81.21,1398.0,-88.98213836625251,1.3784529073745944e-11
22.989656322988832,30543.12,-3150.58,7508.54,-89.01,81.21,1398.0,-88.98793428093687,1.3784529073745944e-11
23.023023023022198,30543.56,-3150.05,7458.39,-88.98,81.21,1398.0,-88.99138910335829,1.3784529073745944e-11
23.056389723055563,30543.98,-3148.66,7433.67,-89.12,81.21,1398.0,-88.99459912001815,1.3784529073745944e-11
23.08975642308893,30543.37,-3148.26,7388.09,-89.06,81.21,1398.0,-89.00139378910579,1.3784529073745944e-11
23.123123123122294,30544.74,-3146.05,7302.15,-89.09,81.21,1398.0,-88.99110605901112,1.3784529073745944e-11
23.15648982315566,30544.04,-3146.17,7276.8,-88.92,81.21,1398.0,-88.99218128722038,1.3784529073745944e-11
23.189856523189025,30544.28,-3145.03,7226.36,-89.1,81.21,1398.0,-89.00274197014478,1.3784529073745944e-11
23.22322322322239,30544.98,-3145.19,7188.21,-89.01,81.21,1398.0,-89.00370266913582,1.3784529073745944e-11
23.256589923255756,30544.42,-3143.48,7140.56,-89.12,81.21,1398.0,-89.00815279546785,1.3784529073745944e-11
23.28995662328912,30544.5,-3143.17,7104.05,-89.06,81.21,1398.0,-88.99975601521335,1.3784529073745944e-11
23.323323323322487,30545.4,-3142.16,7053.38,-88.84,81.21,1398.0,-88.99538995047372,1.3784529073745944e-11
23.356690023355853,30544.63,-3140.55,6977.72,-88.89,81.21,1398.0,-88.98557404148738,1.3784529073745944e-11
23.39005672338922,30545.02,-3140.37,6940.1,-89.16,81.21,1398.0,-88.98490116597442,1.3784529073745944e-11
23.423423423422584,30544.8,-3139.2,6902.8,-88.97,81.21,1398.0,-88.98469046689766,1.3784529073745944e-11
23.45679012345595,30545.75,-3139.26,6854.17,-89.12,81.21,1398.0,-88.98875951908322,1.3784529073745944e-11
23.490156823489315,30546.06,-3138.45,6805.2,-89.06,81.21,1398.0,-88.99236621556665,1.3784529073745944e-11
23.52352352352268,30545.13,-3137.24,6755.16,-88.89,81.21,1398.0,-88.99141139697446,-0.6978901209543835
23.556890223556046,30546.05,-3136.98,6729.52,-88.92,81.21,1398.0,-88.99931832145687,-2.300922580631749
23.59025692358941,30546.66,-3135.54,6653.5,-89.02,81.21,1398.0,-89.0067223069585,-4.963177016115509
23.623623623622777,30544.61,-3133.53,6617.36,-88.87,81.21,1398.0,-89.01643170776656,-8.155344556438337
23.656990323656142,30546.0,-3134.07,6579.33,-88.9,81.21,1398.0,-89.01643170776768,-8.155344556452418
23.690357023689508,30546.69,-3133.97,6527.62,-88.82,81.21,1398.0,-89.01643170776768,-8.155344556452418
23.723723723722873,30546.03,-3132.49,6467.57,-88.86,81.21,1398.0,-89.01643170776768,-8.155344556452418
23.75709042375624,30546.96,-3132.21,6421.99,-89.06,81.21,1398.0,-89.01643170776768,-8.155344556452418
23.790457123789604,30546.26,-3130.55,6400.2,-89.09,81.21,1398.0,-89.01643170776768,-8.155344556452418
23.82382382382297,30547.36,-3131.33,6364.83,-88.99,81.21,1398.0,-89.01643170776768,-8.155344556452418
23.857190523856335,30546.26,-3128.37,6306.62,-88.98,81.21,1398.0,-89.01643170776768,-8.155344556452418
23.8905572238897,30546.19,-3127.31,6230.1,-88.84,81.21,1398.0,-89.01643170776768,-8.155344556452418
23.923923923923066,30547.45,-3127.53,6195.05,-89.19,81.21,1398.0,-89.01643170776768,-8.155344556452418
23.957290623956432,30547.45,-3127.29,6159.69,-88.89,81.21,1398.0,-89.01643170776768,-8.155344556452418
23.990657323989797,30547.09,-3125.61,6109.82,-89.09,81.21,1398.0,-89.01643170776768,-8.155344556452418
24.024024024023163,30546.99,-3124.7,6074.79,-88.97,81.21,1394.15,-89.01643170776768,-8.155344556452418
24.05739072405653,30547.79,-3124.77,6025.4,-88.76,81.21,1388.9,-89.01643170776768,-8.155344556452418
24.090757424089894,30548.93,-3124.87,5965.85,-89.07,81.21,1382.45,-89.01643170776768,-8.155344556452418
24.12412412412326,30548.66,-3124.05,5929.29,-88.93,81.21,1378.49,-89.01643170776768,-8.155344556452418
